Tanggal,Aktual (USD),Prediksi LSTM (USD),Prediksi GRU (USD),Galat LSTM (USD),Galat GRU (USD),APE LSTM (%),APE GRU (%)
2025-12-18,86132.81967724561,88235.09389634132,88762.91584933996,-2102.274219095707,-2630.096172094345,2.440735397927628,3.0535354374206776
2025-12-19,85458.35125016868,86359.85686461329,87246.4607858628,-901.5056144446135,-1788.1095356941223,1.0549063973930037,2.092375419764014
2025-12-20,88098.8189070791,85962.64421391189,87038.0536414802,2136.1746931672096,1060.7652655988932,2.42474839012349,1.204062981500035
2025-12-21,88337.40988170802,87684.05316215455,88649.40310863852,653.3567195534706,-311.9932269304991,0.7396149835368456,0.3531835802615075
2025-12-22,88615.71919491589,87909.54516216814,88845.88187488615,706.1740327477455,-230.16267997026443,0.7968947712250364,0.2597312102878802
2025-12-23,88485.36742384433,89063.35528900921,89024.9889893651,-577.987865164876,-539.6215655207634,0.6532016332105148,0.6098427132431734
2025-12-24,87424.67239403426,88657.69093171954,89213.57793533504,-1233.018537685275,-1788.9055413007736,1.4103782192375873,2.046225044159097
2025-12-25,87607.77709549367,87807.24088276624,88453.70864203274,-199.46378727257252,-845.9315465390682,0.2276781741136455,0.9655895567547517
2025-12-26,87223.6575664252,87123.62424419522,88606.79924973547,100.03332222998142,-1383.1416833102703,0.11468599806629413,1.5857414397658551
2025-12-27,87300.33748887181,87025.42875843942,87554.0233051151,274.90873043239117,-253.6858162432909,0.3148999629783033,0.29058973142644295
2025-12-28,87790.37258748412,86974.55463540256,87780.00695565045,815.8179520815611,10.365631833672523,0.9292795189684258,0.011807253492793929
2025-12-29,87835.11863794625,86671.71547294855,87542.6158424139,1163.4031649976969,292.5027955323458,1.3245307606325556,0.3330134917196772
2025-12-30,87123.05065191984,87631.68652860522,88128.2652615428,-508.63587668538094,-1005.2146096229553,0.5838132077324966,1.1537872033878378
2025-12-31,88423.54237073362,86895.00675157904,88200.58471210003,1528.5356191545725,222.95765863358974,1.7286523228688093,0.2521473949763227
2026-01-01,87493.87220497131,89517.42381076216,89129.1896350652,-2023.5516057908535,-1635.3174300938845,2.3127923759623905,1.8690651000824805
2026-01-02,88734.99712328314,86628.33316738605,87581.54988135099,2106.663955897093,1153.4472419321537,2.374107200308148,1.299878604075033
2026-01-03,89944.04769803285,88477.43077970743,89471.6125175029,1466.6169183254242,472.43518052995205,1.6305880776560828,0.5252545250309928
2026-01-04,90590.94272501468,88381.17848410904,90157.20161114335,2209.7642409056425,433.741113871336,2.4392772328391557,0.4787908159736679
2026-01-05,91467.97116705477,89266.87519308626,90939.64585756957,2201.095973968506,528.3253094851971,2.4064117153626166,0.5776068964296553
2026-01-06,93882.39079062342,91354.3530726701,91878.45252886116,2528.0377179533243,2003.9382617622614,2.6927709197258896,2.1345198443352875
2026-01-07,93738.79957335889,94380.79565407037,93897.01154066324,-641.996080711484,-158.21196730434895,0.6848776425913854,0.16877959609514107
2026-01-08,91272.61032044589,93084.7287899524,93486.30776552558,-1812.1184695065022,-2213.6974450796843,1.9853913053920529,2.4253688344265485
2026-01-09,91030.37879076302,91793.85352122485,92473.13895281851,-763.4747304618359,-1442.7601620554924,0.8387032335839371,1.5849216286045944
2026-01-10,90495.67958344221,92652.77283571362,92048.93234727978,-2157.093252271414,-1553.252763837576,2.383642249221909,1.7163833356324902
2026-01-11,90378.7896718949,90404.84129656553,90789.06617931723,-26.051624670624733,-410.276507422328,0.02882493200583987,0.45395220373249995
2026-01-12,90818.26085553765,91162.80837058723,91500.20354114175,-344.54751504957676,-681.9426856040955,0.3793813180343102,0.7508871885235116
2026-01-13,91193.70041170418,92584.39829529524,91369.60009182691,-1390.6978835910559,-175.89968012273312,1.524993368305699,0.19288577975080987
2026-01-14,95333.80751365125,92140.5256688863,92294.41228219568,3193.281844764948,3039.3952314555645,3.3495796801231172,3.188160958556429
2026-01-15,96931.9409465462,97993.0456851244,96121.86477020085,-1061.1047385782003,810.0761763453484,1.0946904892406457,0.835716450568209
2026-01-16,95559.97260664105,97684.13697991967,97124.33433107733,-2124.164373278618,-1564.361724436283,2.2228599646239293,1.6370470624512987
2026-01-17,95527.93923395574,96710.12461948096,96721.6549948126,-1182.1853855252266,-1193.7157608568668,1.2375284079246782,1.2495985681564419
2026-01-18,95097.89135197997,95697.20163203478,95906.05945606231,-599.3102800548077,-808.168104082346,0.6302035424072837,0.8498275751363646
2026-01-19,93665.09881895482,95592.98342738747,95728.18732087016,-1927.8846084326506,-2063.0885019153357,2.0582742480836504,2.202622458022574
2026-01-20,92553.06142751574,95637.61241820156,94437.32375810742,-3084.5509906858206,-1884.2623305916786,3.3327379376872703,2.0358725054895843
2026-01-21,88324.93717620969,93427.91256010234,93359.14001688063,-5102.975383892655,-5034.202840670943,5.777502421215581,5.699639310954308
2026-01-22,89374.73980576992,90965.18241978883,90436.76931556761,-1590.442614018917,-1062.0295097976923,1.7795213921464645,1.1882882256280751
2026-01-23,89461.76194812059,89447.16461001038,89660.44728873372,14.597338110208511,-198.68534061312675,0.01631684620595064,0.2220896797542905
2026-01-24,89505.99878911376,90279.38847176432,90700.22961242199,-773.3896826505661,-1194.2308233082294,0.8640646360170334,1.3342466867745615
2026-01-25,89082.06727374792,90423.85178340673,90167.12241631448,-1341.7845096588135,-1085.0551425665617,1.506234139734913,1.218039921808508
2026-01-26,86570.93882195353,91499.17926922142,88772.8717724055,-4928.24044726789,-2201.93295045197,5.692719189985424,2.5435012954873737
2026-01-27,88245.67023554146,88538.29594370424,87084.2922024548,-292.6257081627846,1161.3780330866575,0.33160347400809687,1.3160736724949318
2026-01-28,89117.06225552857,88835.85571603179,88664.68524568975,281.20653949677944,452.3770098388195,0.31554736251343857,0.5076210979012106
2026-01-29,89159.84755688607,90028.50623409152,89286.23685887158,-868.6586772054434,-126.38930198550224,0.9742711556917129,0.1417558524927523
2026-01-30,84563.40097601413,89591.40550832152,89354.37727999389,-5028.004532307386,-4790.976303979754,5.945840013853686,5.66554354328616
2026-01-31,84120.31264924705,84886.97140213549,85712.36483342647,-766.6587528884411,-1592.0521841794252,0.9113836227465607,1.8925894757640034
2026-02-01,78585.89052058458,84809.77641723752,85038.18905546963,-6223.885896652937,-6452.298534885049,7.9198515858551835,8.210505081945914
2026-02-02,76879.6407967627,79748.59718067646,80271.57871722877,-2868.9563839137554,-3391.9379204660654,3.7317505053100657,4.412010625066416
2026-02-03,78679.77821129262,78926.09512269199,78475.84274546504,-246.31691139936447,203.93546582758427,0.3130625390654844,0.25919679803865303
2026-02-04,75631.6386241287,80356.82740591168,79790.01288415193,-4725.188781782985,-4158.374260023236,6.24763507408064,5.498194056973127
2026-02-05,73004.17922060638,76796.72159507572,76811.89252546131,-3792.54237446934,-3807.7133048549294,5.194966116951898,5.215747023671971
2026-02-06,62812.05905023665,74875.73765289485,75604.32860824167,-12063.678602658205,-12792.269558005028,19.205991309741588,20.365945252286444
2026-02-07,70520.3198138222,65762.88695198744,66347.7667039305,4757.4328618347645,4172.553109891713,6.7461873037369475,5.916809681106805
2026-02-08,69282.65108161866,70739.13941389769,70761.09395088702,-1456.4883322790265,-1478.4428692683578,2.102241051029074,2.1339294126125066
2026-02-09,70284.83969933986,69941.02966007292,70370.07375556677,343.81003926694393,-85.23405622690916,0.4891667118224545,0.1212694751692088
2026-02-10,70131.23110269457,71664.99050864279,71202.18641065508,-1533.7594059482217,-1070.9553079605103,2.186984859430611,1.5270733040352436
2026-02-11,68794.24896509647,72209.72758078277,71054.07083799392,-3415.4786156862974,-2259.821872897446,4.964773461542081,3.2848994020473894
2026-02-12,66979.71906684041,70882.23020116687,69565.56376548558,-3902.511134326458,-2585.8446986451745,5.8264071403943385,3.860638316599549
2026-02-13,66205.98113173693,68431.55720460117,67675.5918505609,-2225.5760728642344,-1469.6107188239694,3.3615936729882065,2.219755215015592
2026-02-14,68851.9886364907,67847.22763300389,67466.90961600542,1004.7610034868121,1385.079020485282,1.459305712710092,2.0116761300794255
2026-02-15,69754.67947987169,69548.30624687373,68688.42704327106,206.3732329979539,1066.2524366006255,0.2958557541039303,1.5285747774216378
2026-02-16,68784.72030974626,69205.76045180559,68966.47589876204,-421.0401420593262,-181.75558901578188,0.6121128939149993,0.2642383194949599
2026-02-17,68840.2592597574,68298.99593267291,68622.18006195575,541.2633270844817,218.07919780164957,0.7862598614600123,0.3167902040850305
2026-02-18,67459.99139080643,68231.1803520739,67670.01981131434,-771.1889612674713,-210.02842050790787,1.1431797504981156,0.311337751721876
2026-02-19,66427.80038529336,67682.82906330079,67591.63959748,-1255.0286780074239,-1163.8392121866345,1.8893124124659082,1.7520363544120905
2026-02-20,66956.8807295084,67015.59784896373,66737.83286311924,-58.717119455337524,219.0478663891554,0.08769392901163099,0.32714765682419156
2026-02-21,67994.79887830168,66764.68634637892,67404.71289851218,1230.1125319227576,590.0859797894955,1.8091273924119335,0.8678398782319248
2026-02-22,67966.3504573375,68544.07493829429,68548.11642264276,-577.7244809567928,-581.7659653052688,0.8500154518660388,0.8559617537069958
2026-02-23,67614.89934954494,68709.00612939596,68710.92298113256,-1094.1067798510194,-1096.0236315876245,1.6181445071667961,1.6209794618218285
2026-02-24,64619.93996048421,66896.98716059029,68581.83838075101,-2277.047200106077,-3961.8984202668,3.5237531967663793,6.131077222741995
2026-02-25,64043.31876671017,65367.95989091397,66303.4245092541,-1324.6411242038012,-2260.1057425439285,2.068351780814257,3.529026580862851
2026-02-26,67984.76101348251,64046.46474475116,66331.19398425966,3938.2962687313484,1653.567029222846,5.792910367001686,2.4322612958732273
2026-02-27,67470.72868702262,68133.63162087351,69719.48257019818,-662.9029338508844,-2248.753883175552,0.9825044826859678,3.3329325574752224
2026-02-28,65866.6603299722,68708.12525554448,69686.12349699884,-2841.464925572276,-3819.463167026639,4.313965382998606,5.798780669753521
2026-03-01,67006.08967905193,66988.98726447373,67865.14361213594,17.102414578199387,-859.0539330840111,0.025523672042521987,1.2820535225958374
2026-03-02,65762.28994778245,67546.15314474404,68341.10814105421,-1783.8631969615817,-2578.818193271756,2.712592883213208,3.92142395789354
2026-03-03,68775.77987912744,67256.05299848765,68107.99555795341,1519.7268806397915,667.7843211740255,2.209683239231445,0.9709585588816994
2026-03-04,68264.82036842853,70562.45250764191,70038.92664372623,-2297.632139213383,-1774.1062752977014,3.365763107282714,2.598858776340089
2026-03-05,72758.04960464388,69939.17426465153,70144.89781660288,2818.8753399923444,2613.1517880409956,3.8743140522728168,3.591563823165221
2026-03-06,70886.7604095459,74408.62868635058,73602.14331470877,-3521.8682768046856,-2715.382905162871,4.968301917674343,3.8305924681489696
2026-03-07,68128.58927653432,70847.29960219264,72783.04769248217,-2718.7103256583214,-4654.4584159478545,3.9905572015047333,6.83187258884135
2026-03-08,67279.50882546305,69036.92239495068,70190.21453284919,-1757.4135694876313,-2910.705707386136,2.612108203772303,4.326288580579725
2026-03-09,65940.80005805641,68075.36810755431,68644.8515892893,-2134.5680494979024,-2704.0515312328935,3.2370975899876244,4.100725997943852
2026-03-10,68452.78011879027,67445.08091813773,67461.18832570761,1007.6992006525397,991.5917930826545,1.472108508819975,1.4485778245410705
2026-03-11,69922.37913164943,70332.32787205726,69918.75320905149,-409.9487404078245,3.6259225979447365,0.5862911781591063,0.00518563962350004
2026-03-12,70197.34931839704,71584.15204219967,71227.99806304723,-1386.8027238026261,-1030.648744650185,1.975577051367634,1.4682160432802507
2026-03-13,70493.60972863137,71274.82484875321,71482.40672261715,-781.2151201218367,-988.7969939857721,1.108207003626517,1.4026760692099538
2026-03-14,70966.24098407179,72437.12180007696,72599.34598681777,-1470.8808160051703,-1633.105002745986,2.0726486222305422,2.3012420837008016
2026-03-15,71218.63914418667,71755.56248482018,72028.18269913345,-536.9233406335115,-809.5435549467802,0.7539084530195473,1.136701802610701
2026-03-16,72819.880510737,71644.22412708103,71706.09600405097,1175.6563836559653,1113.7845066860318,1.6144717286134789,1.5295060893732293
2026-03-17,74859.50147971213,74524.42409018874,73793.95140099972,335.07738952338696,1065.5500787124038,0.44760836353445016,1.4233999127033745
2026-03-18,73927.68034291714,76243.68499388992,75943.35676088631,-2316.0046509727836,-2015.6764179691672,3.1327976750114206,2.7265516902726477
2026-03-19,71263.46128342002,73933.07093970924,74730.96998616755,-2669.60965628922,-3467.508702747524,3.746112816036238,4.865759591660847
2026-03-20,69911.34918631315,72033.65523767918,72937.26792578846,-2122.306051366031,-3025.91873947531,3.0357103332537663,4.328222491331504
2026-03-21,70507.53104727417,71444.49988209158,72139.73469073027,-936.9688348174095,-1632.2036434561014,1.3288918515515553,2.3149351838199173
2026-03-22,68890.19105262756,71867.92804097086,72861.11477175802,-2977.7369883432984,-3970.9237191304564,4.322439730307184,5.764135152560302
2026-03-23,67849.70929754227,69316.6715418294,69583.9713951394,-1466.9622442871332,-1734.2620975971222,2.1620759461975636,2.5560346765700035
2026-03-24,70885.1801042974,68381.38836594373,68501.74324307292,2503.7917383536696,2383.4368612244725,3.5321794127766886,3.362390922499719
2026-03-25,70517.65085384696,71590.17768758237,71427.35064365416,-1072.5268337354064,-909.6997898072004,1.5209338665553358,1.2900313308686648
2026-03-26,71301.04913640469,71864.2728534609,70913.51439210474,-563.2237170562148,387.5347442999482,0.7899234637890421,0.5435189930495452
2026-03-27,68779.40872821659,71242.86463834792,71156.03564441651,-2463.4559101313353,-2376.6269161999226,3.58167648673128,3.455433770289039
2026-03-28,66329.87121023684,68588.81806226521,69295.85833640843,-2258.94685202837,-2965.987126171589,3.4056252647747356,4.471570759983386
2026-03-29,66320.09965611696,65675.68922016471,66407.9734074071,644.4104359522462,-87.87375129014254,0.9716668691597927,0.13249942588413707
2026-03-30,65956.9396570295,64957.736060333256,65744.30080637037,999.2035966962503,212.638850659132,1.514933230516795,0.32239041375302735
2026-03-31,66694.45933703035,67132.81845401674,66103.9021921575,-438.35911698639393,590.5571448728442,0.6572646683755431,0.8854665750996693
2026-04-01,68216.53033712208,67662.66553892642,66477.15858588814,553.8647981956601,1739.3717512339354,0.8119216785997365,2.5497804456457436
2026-04-02,68099.78967662602,69104.1409713447,67806.15140250772,-1004.3512947186828,293.63827411830425,1.4748229025197819,0.4311882246812432
2026-04-03,66891.35951801091,68315.13845813721,68325.04170436114,-1423.7789401262999,-1433.6821863502264,2.1284945475550376,2.1432995183244836
2026-04-04,66931.75094956606,67579.36881987452,67546.48383824974,-647.6178703084588,-614.7328886836767,0.9675794538774987,0.9184473436932584
2026-04-05,67286.11976908594,68031.23954673558,67259.13459372222,-745.119777649641,26.985175363719463,1.107390023688036,0.040105114481750186
2026-04-06,68996.55144883394,67219.01239935755,66989.07505920976,1777.5390494763851,2007.4763896241784,2.5762723094857316,2.90953148740031
2026-04-07,68856.53933030814,69194.79781576693,68537.68933449387,-338.25848545879126,318.8499958142638,0.4912510688870798,0.4630642186136092
2026-04-08,71949.58007196784,69454.58829265535,68730.55973709076,2494.9917793124914,3219.0203348770738,3.467694706232985,4.473994610749968
2026-04-09,71129.60942887217,72325.82441321462,71656.27834433764,-1196.2149843424559,-526.6689154654741,1.6817398463837216,0.740435550953123
2026-04-10,71771.25140414834,70875.6748608768,71088.29615258872,895.5765432715416,682.9552515596151,1.247820716164603,0.9515721660109451
2026-04-11,72976.07027262151,71987.98148950636,71786.68279225081,988.0887831151485,1189.3874803707004,1.353990122274165,1.6298321846153503
2026-04-12,73065.17022372484,73449.18732560128,72799.85160495788,-384.01710187643766,265.3186187669635,0.5255816152902689,0.3631259845895937
2026-04-13,70768.12923573404,72098.15803023874,72211.87855181545,-1330.028794504702,-1443.7493160814047,1.8794177673883035,2.0401123099809033
2026-04-14,74501.01216058135,70219.46188591122,70473.82372162193,4281.550274670124,4027.1884389594197,5.746969269949734,5.405548625673859
2026-04-15,74195.34015464484,74055.86065751761,73656.20146017223,139.47949712723494,539.138694472611,0.18798956489251045,0.726647648422243
2026-04-16,74814.98954854607,73604.31477117985,74221.92732720524,1210.674777366221,593.0622213408351,1.6182248833713146,0.7927050781127329
2026-04-17,75169.73881192207,74975.0217933774,74187.19865612387,194.71701854467392,982.5401557981968,0.2590364442157559,1.3070953435884014
2026-04-18,77143.42886063158,74886.68858296871,75339.07144578993,2256.7402776628733,1804.357414841652,2.9253823831708754,2.3389644996224237
2026-04-19,75734.69793826043,76533.21447436213,76480.90051765442,-798.5165361016989,-746.2025793939829,1.0543602309639584,0.985284948257526
2026-04-20,73857.02899234444,74254.06605357378,74789.44713334441,-397.0370612293482,-932.4181409999728,0.5375751863380568,1.26246364594035
2026-04-21,75873.81747696995,73308.67185058891,73322.859479931,2565.1456263810396,2550.9579970389605,3.3808047514673167,3.362105772275469
2026-04-22,76353.07723498046,76103.5821541369,74865.1320487827,249.49508084356785,1487.9451861977577,0.3267649319171958,1.9487691132847613
2026-04-23,78206.488495332,76358.52050861418,75538.66399867534,1847.9679867178202,2667.8244966566563,2.362934357841833,3.4112572345143635
2026-04-24,78266.6513014406,78348.32381787598,77810.44644111097,-81.67251643538475,456.204860329628,0.10435161729460816,0.582885370389203
2026-04-25,77458.75828753113,77911.46306438446,77268.67683104872,-452.704776853323,190.08145648241043,0.5844462096498606,0.24539698374303615
2026-04-26,77636.09194834232,76535.93025819659,77173.14445228576,1100.161690145731,462.9474960565567,1.4170750517398003,0.5963044821532152
2026-04-27,78649.47146841585,75614.2201485008,76439.84184610545,3035.2513199150562,2209.6296223104,3.859213880583998,2.80946531623896
2026-04-28,77373.462774989,78102.17664296627,77881.64797202944,-728.7138679772615,-508.18519704043865,0.9418136940522437,0.6567952096422259
2026-04-29,76347.24766450822,77239.4587428987,76762.37044135928,-892.2110783904791,-415.122776851058,1.1686224529155411,0.5437298521555446
2026-04-30,75781.87882940173,77516.23457471728,76306.23581681847,-1734.3557453155518,-524.3569874167442,2.288615394743498,0.6919292521067781
2026-05-01,76286.45858928263,78221.0799804598,75990.70153553486,-1934.6213911771774,295.75705374777317,2.5359958070579114,0.38769272976753916
2026-05-02,78195.88289121985,76054.21810055971,75920.40721688866,2141.664790660143,2275.475674331188,2.738845974332771,2.9099686456595886
2026-05-03,78670.2085850656,77003.1796963185,77586.57571722269,1667.028888747096,1083.6328678429127,2.119009112508642,1.3774373900015624
2026-05-04,78543.09936624467,77570.52683947682,77724.99289804399,972.5725267678499,818.1064682006836,1.2382660407030368,1.041601967329901
2026-05-05,79827.86997432708,77907.61765494644,77924.2576839149,1920.252319380641,1903.6122904121876,2.4054911148176705,2.3846462282212917
2026-05-06,80928.41210832894,79476.53885267377,79318.262502563,1451.8732556551695,1610.1496057659388,1.7940216764808443,1.9895974279226298
2026-05-07,81436.53877554536,80075.77304395735,80329.45300721824,1360.765731588006,1107.085768327117,1.6709523170410472,1.3594459992687762
2026-05-08,80015.99068170488,81080.18579499125,80839.15997968316,-1064.195113286376,-823.169297978282,1.3299780509118875,1.028755991102781
2026-05-09,80197.5794607222,79742.63884459138,79714.36893959045,454.94061613082886,483.2105211317539,0.5672747471806701,0.6025250691866735
2026-05-10,80672.0280671984,79670.36621789336,80549.1388486892,1001.6618493050337,122.88921850919724,1.2416470408685731,0.15233188188455193
2026-05-11,82146.2011858046,77204.6042326957,78096.46998512447,4941.596953108907,4049.7312006801367,6.015612264201509,4.929906851712039
2026-05-12,81738.18978257179,80556.62481318116,79666.43886670172,1181.5649693906307,2071.7509158700705,1.4455482468276584,2.534618054768579
2026-05-13,80491.45185413658,79814.19740743637,79837.68542581498,677.2544467002153,653.7664283216,0.8413992183014776,0.8122184570683724
2026-05-14,79285.6613905847,79730.32416961789,78899.94985030293,-444.66277903318405,385.7115402817726,0.560836311678909,0.48648334833412443
2026-05-15,81067.56091195047,77811.5116839081,77938.86672798991,3256.049228042364,3128.694183960557,4.016463788245512,3.859366371412989
2026-05-16,79063.01979300081,79564.52673712074,79850.94828393757,-501.50694411993027,-787.9284909367561,0.6343129132089222,0.996582843660253
2026-05-17,78140.84144471287,76836.71502382755,77795.57401282787,1304.1264208853245,345.26743188500404,1.6689434062570663,0.441852718119617
2026-05-18,77409.45276377797,77034.59265286922,77561.95222025811,374.8601109087467,-152.49945648014545,0.4842562471700539,0.1970036617433681
2026-05-19,76947.44759788811,76513.94645629525,76371.84189656079,433.5011415928602,575.6057013273239,0.563372996929346,0.7480504153111401
2026-05-20,76752.77155022025,75984.84855313301,75762.24207344353,767.9229970872402,990.5294767767191,1.0005150062688994,1.290545548741004
2026-05-21,77463.34117275178,75884.33528634608,76023.18558786511,1579.0058864057064,1440.15558488667,2.0383911441211264,1.8591446780935574
2026-05-22,77538.21837661862,76312.29950658679,76891.72135244012,1225.9188700318336,646.497024178505,1.5810511199487467,0.833778538782436
2026-05-23,75460.9305393964,76498.85161468088,76548.6136710614,-1037.921075284481,-1087.6831316649914,1.375441659499026,1.441385792475932
2026-05-24,76673.89090639054,72702.57211094796,74165.1299859777,3971.318795442581,2508.7609204128385,5.179492977982656,3.2719885358051397
2026-05-25,76985.38077683449,74612.61097603738,74908.77773855328,2372.769800797105,2076.6030382812023,3.0821043902806675,2.6973991910241595
2026-05-26,77284.84276844263,75688.59984886348,75264.08888823986,1596.2429195791483,2020.7538802027702,2.0654022993379693,2.6146833037588784
2026-05-27,75823.2711209476,75505.78779652416,76014.96214759052,317.48332442343235,-191.6910266429186,0.41871488756665054,0.25281292116393583
2026-05-28,74348.34882059395,75040.69225592613,74859.7414519906,-692.3434353321791,-511.39263139665127,0.9312156171791202,0.687833206128983
2026-05-29,73539.08035582006,73358.83190977275,73072.17039067745,180.24844604730606,466.9099651426077,0.24510565698560677,0.6349140659407978
2026-05-30,73372.10062087774,71852.39422567635,72673.04088823944,1519.706395201385,699.0597326382995,2.0712319564815056,0.9527596003424016
2026-05-31,73754.51107908487,72271.5936047703,72385.08293354213,1482.9174743145704,1369.4281455427408,2.0106125749033574,1.8567381513441827
2026-06-01,73570.5898865804,72529.81840886622,72492.60514675528,1040.771477714181,1077.9847398251295,1.4146569700184262,1.4652386795960144
2026-06-02,71325.64044196605,72546.38234906345,72670.0617201969,-1220.7419070973992,-1344.421278230846,1.7115050065209765,1.884906002806566
2026-06-03,66676.5492108807,71550.82516040355,71245.6448049888,-4874.275949522853,-4569.095594108105,7.310330254354912,6.85262757023798
2026-06-04,64012.80131646693,68388.39731236994,67617.12933584004,-4375.595995903008,-3604.3280193731116,6.835501502693041,5.63063628719201
2026-06-05,63812.60005341173,64851.07130904198,64741.41275725216,-1038.4712556302547,-928.8127038404346,1.6273764973704956,1.4555318276688458
2026-06-06,61039.24043106735,63948.50337829143,64836.324719880526,-2909.2629472240806,-3797.0842888131738,4.766217480228248,6.220726637483776
2026-06-07,60861.28928061277,61065.24230538756,61465.70921430439,-203.9530247747898,-604.4199336916208,0.33511124589297614,0.9931106304778158
2026-06-08,63274.629028928284,61079.702098411326,60462.81238571257,2194.9269305169582,2811.816643215716,3.4688894493770452,4.443829519617084
2026-06-09,63090.30983362049,63660.89660253823,62524.53421623707,-570.5867689177394,565.7756173834205,0.9043968406914951,0.8967710237522429
2026-06-10,61642.37856161297,63028.74523822666,62449.39362816215,-1386.3666766136885,-807.0150665491819,2.2490479909499,1.3091887194822502
2026-06-11,61450.38025339395,62192.22236089856,62048.77746819407,-741.8421075046062,-598.3972148001194,1.2072213458168695,0.9737892789802053
2026-06-12,63547.890144814555,61461.222903293376,61607.843038950865,2086.6672415211797,1940.0471058636904,3.28361372307724,3.052889877921457
2026-06-13,63539.64914559275,62461.20494664908,62837.460993860666,1078.4441989436746,702.1881517320871,1.6972775478702462,1.105118081661287
2026-06-14,64427.28904472739,62473.99371319712,63300.09242886752,1953.295331530273,1127.1966158598661,3.0317825885460365,1.7495639387796247
2026-06-15,65713.20976385176,64727.17830405087,64558.1441722855,986.0314598008918,1155.0655915662574,1.500507224261778,1.75773728861689
2026-06-16,66285.33001415878,65229.36712062061,64786.621193324034,1055.9628935381697,1498.7088208347486,1.5930567039684533,2.260996242327856
2026-06-17,65611.76879935413,65347.708571803574,64805.028822977845,264.0602275505589,806.7399763762878,0.40245863262439324,1.2295659622336368
2026-06-18,64428.9103208527,64467.42294505686,64328.549231608216,-38.51262420415878,100.3610892444849,0.05977537725280138,0.15577027260695822
2026-06-19,62900.98048537672,63866.315799404685,63065.0015377149,-965.3353140279651,-164.02105233818293,1.534690407969693,0.26076072435200703
2026-06-20,63486.220195737485,61622.01310934574,61973.115964685385,1864.207086391747,1513.1042310521007,2.9363964032574605,2.3833585089598572
2026-06-21,64250.42947549075,61620.737159182136,61779.08959806413,2629.6923163086176,2471.3398774266243,4.092878970267042,3.846417677829457
2026-06-22,63234.69998298288,62891.88495072425,61982.963607576494,342.8150322586298,1251.7363754063845,0.5421311911828235,1.9795086807452869
2026-06-23,63952.1995366782,62832.66740127355,61604.80826757551,1119.5321354046464,2347.3912691026926,1.7505764360185398,3.67054031934649
2026-06-24,62653.709537845854,62775.25549689383,62273.362255935375,-121.54595904797316,380.34728191047907,0.19399642885399077,0.607062669897831
2026-06-25,60984.23995543719,61513.203240004186,61934.06779259146,-528.9632845669985,-949.8278371542692,0.8673770222495616,1.5574972121458492
2026-06-26,59709.65061024279,60366.75909151584,60173.35314102918,-657.1084812730551,-463.7025307863951,1.1005063244505613,0.7765956190452905
2026-06-27,60023.83870557398,58899.1383867085,59159.27126306743,1124.700318865478,864.5674425065517,1.873756066122834,1.4403734601970162
2026-06-28,59941.42871335596,59475.50497574807,58919.89891528786,465.9237376078963,1021.5297980681062,0.7772983520896303,1.7042132962047534
2026-06-29,59496.751301866774,58670.19605356902,58751.05500545055,826.555248297751,745.696296416223,1.3892443372312613,1.2533395187122192
2026-06-30,60136.18962926865,60596.465238858764,59187.60262438357,-460.27560959011316,948.5870048850775,0.7653887158924586,1.577397920840988
2026-07-01,58534.28102272451,61312.413752217595,59885.87220439762,-2778.1327294930816,-1351.5911816731095,4.746163583036988,2.309059166795586
2026-07-02,59963.860268411045,58904.03733297885,58847.02635789365,1059.8229354321957,1116.8339105173945,1.7674361368467637,1.8625116954082133
2026-07-03,61484.35974272788,60525.9543598637,60382.68213014007,958.4053828641772,1101.6776125878096,1.558779154364592,1.7918013901382646
2026-07-04,62545.031360608344,61667.38250243366,61269.11924139113,877.6488581746817,1275.912119217217,1.4032271454378646,2.0399895746487746
2026-07-05,63086.449791726474,61151.755238269274,61476.745012623076,1934.6945534572005,1609.7047791033983,3.066735503177622,2.5515856169077127
2026-07-06,63572.03077073098,62037.288063739245,61854.12483245582,1534.7427069917321,1717.9059382751584,2.4141791419668457,2.7022983495221213
2026-07-07,64000.31105202139,63802.43342297972,62173.299668793385,197.87762904167175,1827.011383228004,0.3091822926935946,2.8546914119572855
2026-07-08,63287.14855828584,64670.252197210495,62996.556761507694,-1383.1036389246583,290.59179677814245,2.1854415476640656,0.45916399047511974
2026-07-09,62249.52013212145,62794.66983952076,62733.623233069484,-545.1497073993087,-484.1031009480357,0.8757492527528825,0.777681659104442
2026-07-10,63187.841005873684,62333.18266257346,62275.361049425606,854.6583433002234,912.4799564480782,1.3525677245734316,1.4440752238445014
2026-07-11,64124.85081156791,63075.83248164952,62756.7922639072,1049.0183299183846,1368.0585476607084,1.6358998370240967,2.1334295992060466
2026-07-12,63782.82885842473,63402.51376791746,63506.36908765585,380.3150905072689,276.45977076888084,0.5962656365578165,0.43343918060223313
2026-07-13,63744.38939650059,62291.62356102914,62347.04545139224,1452.7658354714513,1397.343945108354,2.279048947249316,2.1921049967498236
2026-07-14,62242.320963767175,62933.523067530994,62343.7560752824,-691.2021037638187,-101.43511151522398,1.1105018146193246,0.16296807372313754
2026-07-15,64960.0889592588,61185.84593426884,61022.50382788927,3774.2430249899626,3937.585131369531,5.810095222248026,6.0615451648150875
2026-07-16,64714.53878855408,63381.533752498035,63293.9936212048,1333.0050360560417,1420.545167349279,2.0598231263170304,2.195094323380278
2026-07-17,63790.668928352,64781.00233021826,64139.29597213567,-990.3334018662572,-348.6270437836647,1.5524737685045653,0.5465173036125917
2026-07-18,63899.18029559106,63658.51443870068,62730.03242836595,240.66585689038038,1169.1478672251105,0.37663371545156726,1.8296758453187543
2026-07-19,64797.870625500385,61922.57253515423,62145.176088352506,2875.2980903461576,2652.6945371478796,4.437334225014826,4.093798934349465
2026-07-20,64682.15131043345,62442.633433488016,62959.466412027185,2239.517876945436,1722.6848984062672,3.4623429053822985,2.6633079814220593
2026-07-21,65209.87961571366,62245.5781484738,62587.380614776914,2964.3014672398567,2622.4990009367466,4.5457858298599705,4.021628342808352
2026-07-22,66511.65899065584,63856.98029247374,63369.02885559649,2654.6786981820987,3142.6301350593494,3.9912982753220034,4.72493121168554
2026-07-23,66074.1309971705,65543.08697735965,64587.833425518875,531.0440198108554,1486.2975716516303,0.8037094272697984,2.2494394541719784
2026-07-24,65051.170144905154,65812.96214292645,64706.66067424119,-761.7919980212973,344.50947066396475,1.1710657876320483,0.5295976535034658
2026-07-25,64095.48932534904,63802.31051034928,63842.213217873876,293.1788149997592,253.27610747516155,0.4574094340891634,0.39515433947236245
2026-07-26,64311.97065895498,62422.387967360024,62817.83301737607,1889.5826915949583,1494.1376415789127,2.9381508173888427,2.323265212167565
2026-07-27,65335.46120612771,62187.64240216911,62640.979301121835,3147.818803958595,2694.4819050058722,4.817933088476256,4.124072678548967
2026-07-28,63710.93960207403,64104.30684333742,63448.41578240395,-393.3672412633896,262.52381967008114,0.6174249567190248,0.4120545408837998
2026-07-29,63873.45936442614,62717.71190041006,62494.739609320466,1155.74746401608,1378.7197551056743,1.8094330188412575,2.158517432474531
2026-07-30,63897.360018064086,62677.692133237426,62000.36159776599,1219.6678848266602,1896.9984202980995,1.9087922951462382,2.968821278002423
2026-07-31,64720.98877516091,62368.956091013555,62211.630850543086,2352.032684147358,2509.357924617827,3.634111172680412,3.8771934299942066
