No,Arsitektur,Neuron,Epoch,RMSE Validasi (USD),MAPE Validasi (%),Waktu Latih (detik),Waktu per Epoch (detik),Jumlah Parameter,Keterangan
1,LSTM,10,100,8259.716595606566,7.3945643494485225,28.524215527999786,0.28524215527999786,851,
2,LSTM,10,500,5469.146662978929,4.819835210396409,131.88041513300004,0.26376083026600006,851,
3,LSTM,10,1000,3414.5717855479115,2.7871580674603216,255.63841609300016,0.25563841609300014,851,
4,LSTM,20,100,3609.182267964317,2.7861718572334393,25.122452189999876,0.2512245218999988,2501,
5,LSTM,20,500,3465.3884851948483,2.850487422515137,126.70812283500027,0.25341624567000054,2501,
6,LSTM,20,1000,2822.35417329008,2.2752847081052416,266.95918698700007,0.26695918698700005,2501,
7,LSTM,30,100,4224.849069808819,3.4181435052399345,30.951253139000073,0.30951253139000073,4951,
8,LSTM,30,500,3369.8099082156336,2.7565039443576365,136.44541995300006,0.2728908399060001,4951,
9,LSTM,30,1000,2918.2102403227295,2.3672786412856377,270.95336478299987,0.27095336478299986,4951,
10,LSTM,40,100,3804.0296154498656,3.0128265671494874,29.380094404000374,0.29380094404000373,8201,
11,LSTM,40,500,2503.9943007481074,1.9024860203908294,143.71893318300044,0.2874378663660009,8201,<<< TERBAIK (RMSE validasi terkecil)
12,LSTM,40,1000,2718.2012026260486,2.130108430925327,275.91252140399956,0.2759125214039996,8201,
13,LSTM,50,100,5737.573767644129,4.9720777988037375,29.82708778399956,0.2982708778399956,12251,
14,LSTM,50,500,4270.987173365596,3.634662783691574,144.22309299900007,0.28844618599800015,12251,
15,LSTM,50,1000,3546.031651001554,2.7296459268148574,301.0828070739999,0.3010828070739999,12251,
